﻿<?xml version="1.0" encoding="utf-8"?><meta xmlns:xsi="http://www.w3.org/2001/XMLSchema-instance" xmlns:xsd="http://www.w3.org/2001/XMLSchema"><project id="6iFy6LvYC3j" courseid="6N6eYwhAXA9" thumburl="story_content/thumbnail.jpg" title="Returning to Work" datepublished="2022-01-26T13:36:54" version="1.0.0.0" flashdata="story_content/data.swf" html5data="mobile/data.json" mobiledata="mobile/data.gz" enabledownload="false" duration="About 52 seconds" totalaudio="0" totalvideo="33134"><description>An overview of recommendations and policies to prevent the spread of COVID-19.</description><keywords /><slidemeta moniker="slide" monikerplural="slides" viewslides="2" slidecountdescription="2 slides" /><author name="Rebecca Cottongim" email="" website="" /><application name="Articulate Storyline" version="3.60.26947.0" xmlversion="4.0" /></project></meta>